# Host: localhost  (Version 5.7.36)
# Date: 2023-12-30 21:40:56
# Generator: MySQL-Front 6.0  (Build 2.20)


#
# Structure for table "candidatos"
#

DROP TABLE IF EXISTS `candidatos`;
CREATE TABLE `candidatos` (
  `ID` int(11) NOT NULL AUTO_INCREMENT,
  `NOMBRE` varchar(255) DEFAULT NULL,
  PRIMARY KEY (`ID`)
) ENGINE=MyISAM AUTO_INCREMENT=4 DEFAULT CHARSET=latin1;

#
# Data for table "candidatos"
#

/*!40000 ALTER TABLE `candidatos` DISABLE KEYS */;
INSERT INTO `candidatos` VALUES (1,'BORIC'),(2,'PIÑERA'),(3,'KAST');
/*!40000 ALTER TABLE `candidatos` ENABLE KEYS */;

#
# Structure for table "comunas"
#

DROP TABLE IF EXISTS `comunas`;
CREATE TABLE `comunas` (
  `ID_COMUNA` int(11) NOT NULL AUTO_INCREMENT,
  `ID_REGION` varchar(255) DEFAULT '',
  `NOMBRE_COMUNA` varchar(255) CHARACTER SET utf8 COLLATE utf8_spanish_ci DEFAULT '',
  PRIMARY KEY (`ID_COMUNA`),
  KEY `idx_id_region` (`ID_REGION`),
  KEY `idx_nombre_comuna` (`NOMBRE_COMUNA`)
) ENGINE=MyISAM AUTO_INCREMENT=324 DEFAULT CHARSET=utf8;

#
# Data for table "comunas"
#

/*!40000 ALTER TABLE `comunas` DISABLE KEYS */;
INSERT INTO `comunas` VALUES (1,'2','ANTOFAGASTA'),(2,'15','ARICA'),(3,'2','CALAMA'),(4,'8','CHILLAN'),(5,'8','CONCEPCION'),(6,'3','COPIAPO'),(7,'4','COQUIMBO'),(8,'11','COYHAIQUE'),(9,'7','CURICO '),(10,'1','IQUIQUE'),(11,'4','LA SERENA'),(12,'8','LOS ANGELES'),(13,'10','OSORNO'),(14,'10','PUERTO MONTT'),(15,'12','PUNTA ARENAS'),(16,'6','RANCAGUA'),(17,'7','TALCA'),(18,'9','TEMUCO'),(19,'14','VALDIVIA'),(20,'5','VALPARAISO'),(21,'5','VINA DEL MAR'),(22,'1','ALTO HOSPICIO'),(23,'1','POZO ALMONTE'),(24,'2','MARIA ELENA'),(25,'2','MEJILLONES'),(26,'2','SAN PEDRO DE ATACAMA'),(27,'2','TALTAL'),(28,'2','TOCOPILLA'),(29,'3','CALDERA'),(30,'3','CHANARAL'),(31,'3','DIEGO DE ALMAGRO'),(32,'3','EL SALVADOR'),(33,'3','FREIRINA'),(34,'3','HUASCO'),(35,'3','TIERRA AMARILLA'),(36,'3','VALLENAR'),(37,'4','ANDACOLLO'),(38,'4','COMBARBALA'),(39,'4','ILLAPEL'),(40,'4','LOS VILOS'),(41,'4','MONTE GRANDE'),(42,'4','MONTE PATRIA'),(43,'4','OVALLE'),(44,'4','SALAMANCA'),(45,'4','VICUNA'),(46,'5','ALGARROBO'),(47,'5','BELLOTO'),(48,'5','CABILDO'),(49,'5','CALERA'),(50,'5','CALLE LARGA'),(51,'5','CARTAGENA'),(52,'5','CASABLANCA'),(53,'5','CATEMU'),(54,'5','CONCON'),(55,'5','CURAUMA'),(56,'5','EL QUISCO'),(57,'5','EL TABO'),(58,'5','HIJUELAS'),(59,'5','HORCON'),(60,'5','ISLA NEGRA'),(61,'5','LA CALERA'),(62,'5','LA CRUZ'),(63,'5','LA LIGUA'),(64,'5','LAGUNA VERDE'),(65,'5','LAS CRUCES'),(66,'5','LAS VENTANAS'),(67,'5','LIMACHE'),(68,'5','LLAILLAY'),(70,'5','LLOLLEO'),(71,'5','LOS ANDES'),(72,'5','MAITENCILLO'),(73,'5','NOGALES'),(74,'5','OLMUE'),(75,'5','PANQUEHUE'),(76,'5','PAPUDO'),(77,'5','PENABLANCA'),(78,'5','PETORCA'),(79,'5','PLACILLA (VINA DEL MAR)'),(80,'5','PLAYA ANCHA'),(81,'5','PUCHUNCAVI'),(82,'5','PUNTA DE TRALCA'),(83,'5','PUTAENDO'),(84,'5','QUILLOTA'),(85,'5','QUILPUE'),(86,'5','QUINTERO'),(87,'5','RENACA'),(88,'5','RINCONADA'),(89,'5','ROCAS DE SANTO DOMINGO'),(91,'5','SAN ANTONIO'),(92,'5','SAN ESTEBAN'),(93,'5','SAN FELIPE'),(94,'5','VILLA ALEMANA'),(95,'5','ZAPALLAR'),(96,'6','CACHAPOAL'),(97,'6','CHEPICA'),(98,'6','CHIMBARONGO'),(99,'6','CODEGUA'),(100,'6','COINCO'),(101,'6','COLTAUCO'),(102,'6','DONIHUE'),(103,'6','GRANEROS'),(104,'6','LAS CABRAS'),(105,'6','LITUECHE'),(106,'6','LOLOL'),(107,'6','MACHALI'),(108,'6','MALLOA'),(109,'6','MOSTAZAL'),(110,'6','NANCAGUA'),(111,'6','NAVIDAD'),(113,'6','OLIVAR ALTO'),(114,'6','OLIVAR BAJO'),(115,'6','PALMILLA'),(116,'6','PALMILLA SAN FERNANDO'),(117,'6','PAREDONES'),(118,'6','PERALILLO'),(119,'6','PEUMO'),(120,'6','PICHIDEGUA'),(121,'6','PICHILEMU'),(123,'6','PLACILLA (SAN FERNANDO)'),(124,'6','PUMANQUE'),(125,'6','QUINTA DE TILCOCO'),(126,'6','RAPEL'),(127,'6','RENGO'),(128,'6','REQUINOA'),(129,'6','ROSARIO'),(130,'6','SAN FERNANDO'),(131,'6','SAN FRANCISCO DE MOSTAZAL'),(132,'6','SAN VICENTE DE TAGUATAGUA'),(134,'6','SANTA CRUZ'),(135,'7','CAUQUENES'),(136,'7','CHANCO'),(137,'7','COLBUN'),(138,'7','CONSTITUCION'),(139,'7','CURANIPE'),(140,'7','CUREPTO'),(141,'7','EMPEDRADO'),(142,'7','HUALANE'),(143,'7','LICANTEN'),(144,'7','LINARES'),(145,'7','LONGAVI'),(146,'7','LONTUE'),(147,'7','MAULE'),(148,'7','MOLINA'),(149,'7','PARRAL'),(150,'7','PELARCO'),(151,'7','PELLUHUE'),(152,'7','PENCAHUE'),(153,'7','RAUCO'),(154,'7','RETIRO'),(155,'7','RIO CLARO'),(156,'7','ROMERAL'),(157,'7','SAGRADA FAMILIA'),(158,'7','SAN CLEMENTE'),(159,'7','SAN JAVIER'),(160,'7','SAN RAFAEL'),(161,'7','TENO'),(162,'7','VICHUQUEN'),(163,'7','VILLA ALEGRE'),(164,'7','YERBAS BUENAS'),(165,'8','ANGOL'),(166,'8','ARAUCO'),(167,'8','BULNES'),(168,'8','CABRERO'),(169,'8','CANETE'),(170,'8','CARAMPANGUE'),(171,'8','CHIGUAYANTE'),(172,'8','COBQUECURA'),(173,'8','COELEMU'),(174,'8','COIHUECO'),(175,'8','CONTULMO'),(176,'8','CORONEL'),(177,'8','CURANILAHUE'),(178,'8','DICHATO'),(179,'8','EL CARMEN'),(180,'8','FLORIDA'),(181,'8','HUALPEN'),(182,'8','HUALPENCILLO'),(183,'8','HUALQUI'),(184,'8','LAJA'),(185,'8','LEBU'),(186,'8','LIRQUEN'),(187,'8','LOS ALAMOS'),(188,'8','LOTA'),(189,'8','MULCHEN'),(190,'8','NACIMIENTO'),(191,'8','NEGRETE'),(192,'8','PENCO'),(193,'8','PINTO'),(194,'8','QUILLON'),(195,'8','QUIRIHUE'),(196,'8','SAN CARLOS'),(197,'8','SAN FABIAN'),(198,'8','SAN FABIAN DE ALICO'),(199,'8','SAN IGNACIO'),(200,'8','SAN PEDRO DE LA PAZ'),(201,'8','SAN ROSENDO'),(202,'8','SANTA BARBARA'),(203,'8','SANTA JUANA'),(204,'8','TALCAHUANO'),(205,'8','TOME'),(206,'8','YUMBEL'),(207,'8','YUNGAY'),(208,'9','CAPITAN PASTENE'),(209,'9','CARAHUE'),(210,'9','CHOLCHOL'),(211,'9','COLLIPULLI'),(212,'9','CURACAUTIN'),(213,'9','ERCILLA'),(214,'9','FREIRE'),(215,'9','GALVARINO'),(216,'9','GORBEA'),(217,'9','LAUTARO'),(218,'9','LONCOCHE'),(219,'9','LOS SAUCES'),(220,'9','LUMACO'),(221,'9','MELIPEUCO'),(222,'9','NUEVA IMPERIAL'),(223,'9','PADRE LAS CASAS'),(224,'9','PERQUENCO'),(225,'9','PITRUFQUEN'),(226,'9','PUCON'),(227,'9','PUREN'),(228,'9','SAAVEDRA'),(229,'9','TEODORO SCHMIDT'),(230,'9','TOLTEN'),(231,'9','TRAIGUEN'),(232,'9','VICTORIA'),(233,'9','VILCUN'),(234,'9','VILLARRICA'),(235,'10','ANCUD'),(236,'10','CALBUCO'),(237,'10','CASTRO'),(238,'10','CHONCHI'),(239,'10','COCHAMO'),(240,'10','CURACO DE VELEZ'),(241,'10','DALCAHUE'),(242,'10','FRESIA'),(243,'10','FRUTILLAR'),(244,'10','LLANQUIHUE'),(245,'10','LOS MUERMOS'),(246,'10','MAULLIN'),(247,'10','PUERTO OCTAY'),(248,'10','PUERTO VARAS'),(249,'10','PUQUELDON'),(250,'10','PURRANQUE'),(251,'10','PUYEHUE'),(252,'10','QUEILEN'),(253,'10','QUELLON'),(254,'10','QUEMCHI'),(255,'10','QUINCHAO'),(256,'10','RIO NEGRO'),(257,'11','AISEN'),(258,'12','NATALES'),(259,'12','TORRES DEL PAINE'),(260,'13','ALHUE'),(261,'13','BUIN'),(262,'13','CALERA DE TANGO'),(263,'13','CERRILLOS'),(264,'13','CERRO NAVIA'),(265,'13','COLINA'),(266,'13','CONCHALI'),(267,'13','CURACAVI'),(268,'13','EL BOSQUE '),(269,'13','EL MONTE'),(270,'13','ESTACION CENTRAL'),(271,'13','HUECHURABA'),(272,'13','INDEPENDENCIA'),(273,'13','ISLA DE MAIPO'),(274,'13','LA CISTERNA'),(275,'13','LA FLORIDA'),(276,'13','LA GRANJA'),(277,'13','LA PINTANA'),(278,'13','LA REINA'),(279,'13','LAMPA'),(280,'13','LAS CONDES'),(281,'13','LO BARNECHEA'),(282,'13','LO ESPEJO'),(283,'13','LO PRADO'),(284,'13','MACUL'),(285,'13','MAIPU'),(286,'13','MARIA PINTO'),(287,'13','MELIPILLA'),(288,'13','NUNOA'),(289,'13','PADRE HURTADO'),(290,'13','PAINE'),(291,'13','PEDRO AGUIRRE CERDA'),(292,'13','PENAFLOR'),(293,'13','PENALOLEN'),(294,'13','PIRQUE'),(295,'13','PROVIDENCIA'),(296,'13','PUDAHUEL'),(297,'13','PUENTE ALTO'),(298,'13','QUILICURA'),(299,'13','QUINTA NORMAL'),(300,'13','RECOLETA'),(301,'13','RENCA'),(302,'13','SAN BERNARDO'),(303,'13','SAN JOAQUIN'),(304,'13','SAN JOSE DE MAIPO'),(305,'13','SAN MIGUEL'),(306,'13','SAN PEDRO'),(307,'13','SAN RAMON'),(308,'13','SANTIAGO'),(309,'13','TALAGANTE'),(310,'13','TIL TIL'),(311,'13','VITACURA'),(312,'14','FUTRONO'),(313,'14','LAGO RANCO'),(314,'14','LANCO'),(315,'14','LOS LAGOS'),(316,'14','MAFIL'),(317,'14','MARIQUINA'),(318,'14','PAILLACO'),(319,'14','RIO BUENO'),(320,'14','CORRAL'),(321,'14','LA UNION'),(322,'14','PANGUIPULLI'),(323,'14','SAN JOSE DE LA MARIQUINA');
/*!40000 ALTER TABLE `comunas` ENABLE KEYS */;

#
# Structure for table "regiones"
#

DROP TABLE IF EXISTS `regiones`;
CREATE TABLE `regiones` (
  `ID_REGION` int(11) NOT NULL AUTO_INCREMENT,
  `NOMBRE_REGION` longtext,
  PRIMARY KEY (`ID_REGION`)
) ENGINE=MyISAM AUTO_INCREMENT=16 DEFAULT CHARSET=utf8;

#
# Data for table "regiones"
#

/*!40000 ALTER TABLE `regiones` DISABLE KEYS */;
INSERT INTO `regiones` VALUES (1,'I REGION DE TARAPACA'),(2,'II REGION DE ANTOFAGASTA'),(3,'III REGION DE ATACAMA'),(4,'IV REGION DE COQUIMBO'),(5,'V REGION DE VALPARAISO'),(6,'VI REGION DEL LIBERTADOR GENERAL BERNARDO OHIGGINS'),(7,'VII REGION DEL MAULE'),(8,'VIII REGION DEL BIO-BIO'),(9,'IX REGION DE LA ARAUCANIA'),(10,'X REGION DE LOS LAGOS'),(11,'XI REGION DE AISEN DEL GENERAL CARLOS IBANEZ DEL CAMPO'),(12,'XII REGION DE MAGALLANES Y ANTARTICA CHILENA'),(13,'REGION METROPOLITANA DE SANTIAGO'),(14,'XIV REGION DE LOS RIOS'),(15,'XV REGION DE ARICA Y PARINACOTA');
/*!40000 ALTER TABLE `regiones` ENABLE KEYS */;

#
# Structure for table "votaciones"
#

DROP TABLE IF EXISTS `votaciones`;
CREATE TABLE `votaciones` (
  `id` int(11) NOT NULL AUTO_INCREMENT,
  `nombre` varchar(255) DEFAULT NULL,
  `alias` varchar(255) DEFAULT NULL,
  `rut` varchar(255) DEFAULT NULL,
  `email` varchar(255) DEFAULT NULL,
  `region` varchar(255) CHARACTER SET utf8 DEFAULT NULL,
  `comuna` varchar(255) DEFAULT NULL,
  `candidato` varchar(255) CHARACTER SET utf8 DEFAULT NULL,
  `comoseentero` varchar(255) DEFAULT NULL,
  `fecha` varchar(255) DEFAULT NULL,
  PRIMARY KEY (`id`)
) ENGINE=MyISAM AUTO_INCREMENT=6 DEFAULT CHARSET=latin1;

#
# Data for table "votaciones"
#

